<?xml version="1.0"?>

<!DOCTYPE simulator [
<!ATTLIST algorithm id ID #IMPLIED>
<!ATTLIST problem id ID #IMPLIED>
<!ATTLIST measurements id ID #IMPLIED>
]>

<simulator>

   <algorithms>
      <algorithm id="gbest" class="PSO.PSO">
        <addStoppingCondition class="StoppingCondition.MaximumIterations" iterations="100000">
	</addStoppingCondition>
	<particles value="20"/>
	<velocityUpdate class="PSO.StandardVelocityUpdate">
		<inertiaComponent class="PSO.StandardInertia" inertia="1.0"/>
		<socialComponent class="PSO.StandardAcceleration" acceleration="2"/>	
		<cognitiveComponent class="PSO.StandardAcceleration" acceleration="2"/>	
	</velocityUpdate>
      </algorithm>
   </algorithms>
   
   <problems> 
      <problem id="spherical" class="Problem.FunctionMinimisationProblem">
         <function class="Functions.Spherical"/>
      </problem>
      <problem id="rosenbrock" class="Problem.FunctionMinimisationProblem">
         <function class="Functions.Rosenbrock"/>
      </problem>
      <problem id="rastrigin" class="Problem.FunctionMinimisationProblem">
         <function class="Functions.Rastrigin"/>
      </problem>
      <problem id="griewank" class="Problem.FunctionMinimisationProblem">
         <function class="Functions.Griewank"/>
      </problem>
      <problem id="quadric" class="Problem.FunctionMinimisationProblem">
         <function class="Functions.Quadric"/>
      </problem>
      <problem id="michalewicz" class="Problem.FunctionMinimisationProblem">
         <function class="Functions.Michalewicz"/>
      </problem>
      <problem id="hyperellipsoid" class="Problem.FunctionMinimisationProblem">
         <function class="Functions.HyperEllipsoid"/>
      </problem>
      <problem id="easom" class="Problem.FunctionMinimisationProblem">
         <function class="Functions.Easom"/>
      </problem>
      <problem id="colville" class="Problem.FunctionMinimisationProblem">
         <function class="Functions.Colville"/>
      </problem>
      <problem id="bohachevsky1" class="Problem.FunctionMinimisationProblem">
         <function class="Functions.Bohachevsky1"/>
      </problem>
      <problem id="ackley" class="Problem.FunctionMinimisationProblem">
         <function class="Functions.Ackley"/>
      </problem>
      <problem id="schwefel" class="Problem.FunctionMinimisationProblem">
         <function class="Functions.Schwefel"/>
      </problem>
   </problems>

   <measurements id="fitness" class="Simulator.MeasurementSuite" resolution="10" samples="100">
      <addMeasurement class="Measurement.Fitness"/>
   </measurements>

   <simulations>
      <simulation>
         <algorithm idref="gbest"/>
	 <problem idref="spherical"/>
	 <measurements idref="fitness" file="data/spherical3.gbest.p20w1.0c1_2c2_2NoVmax.txt"/>
      </simulation>
      <simulation>
         <algorithm idref="gbest"/>
	 <problem idref="rosenbrock"/>
	 <measurements idref="fitness" file="data/rosenbrock3.gbest.p20w1.0c1_2c2_2NoVmax.txt"/>
      </simulation>
      <simulation>
         <algorithm idref="gbest"/>
	 <problem idref="rastrigin"/>
	 <measurements idref="fitness" file="data/rastrigin3.gbest.p20w1.0c1_2c2_2NoVmax.txt"/>
      </simulation>
      <simulation>
         <algorithm idref="gbest"/>
	 <problem idref="griewank"/>
	 <measurements idref="fitness" file="data/griewank3.gbest.p20w1.0c1_2c2_2NoVmax.txt"/>
      </simulation>
      <simulation>
         <algorithm idref="gbest"/>
	 <problem idref="quadric"/>
	 <measurements idref="fitness" file="data/quadric3.gbest.p20w1.0c1_2c2_2NoVmax.txt"/>
      </simulation>
      <simulation>
         <algorithm idref="gbest"/>
	 <problem idref="michalewicz"/>
	 <measurements idref="fitness" file="data/michalewicz3.gbest.p20w1.0c1_2c2_2NoVmax.txt"/>
      </simulation>
      <simulation>
         <algorithm idref="gbest"/>
	 <problem idref="hyperellipsoid"/>
	 <measurements idref="fitness" file="data/hyperellipsoid3.gbest.p20w1.0c1_2c2_2NoVmax.txt"/>
      </simulation>
      <simulation>
         <algorithm idref="gbest"/>
	 <problem idref="easom"/>
	 <measurements idref="fitness" file="data/easom3.gbest.p20w1.0c1_2c2_2NoVmax.txt"/>
      </simulation>
      <simulation>
         <algorithm idref="gbest"/>
	 <problem idref="colville"/>
	 <measurements idref="fitness" file="data/colville3.gbest.p20w1.0c1_2c2_2NoVmax.txt"/>
      </simulation>
      <simulation>
         <algorithm idref="gbest"/>
	 <problem idref="bohachevsky1"/>
	 <measurements idref="fitness" file="data/bohachevksy1_3.gbest.p20w1.0c1_2c2_2NoVmax.txt"/>
      </simulation>
      <simulation>
         <algorithm idref="gbest"/>
	 <problem idref="ackley"/>
	 <measurements idref="fitness" file="data/ackley3.gbest.p20w1.0c1_2c2_2NoVmax.txt"/>
      </simulation>
      <simulation>
         <algorithm idref="gbest"/>
	 <problem idref="schwefel"/>
	 <measurements idref="fitness" file="data/schwefel3.gbest.p20w1.0c1_2c2_2NoVmax.txt"/>
      </simulation>
   </simulations>
</simulator>
