<?xml version="1.0" encoding="UTF-8"?>

<!DOCTYPE simulator [
  <!ATTLIST algorithm id ID #IMPLIED>
  <!ATTLIST problem id ID #IMPLIED>
  <!ATTLIST measurements id ID #IMPLIED>
]>

<simulator>

    <algorithms>
        <algorithm id="gcpso-gbest" class="PSO.GCPSO">
	  <topology class="PSO.GBestTopology" />
          <addStoppingCondition class="StoppingCondition.MaximumFitnessEvaluations"/>
        </algorithm>
	<algorithm id="gcpso-lbest" class="PSO.GCPSO">
	  <topology class="PSO.LBestTopology" />
      <addStoppingCondition class="StoppingCondition.MaximumFitnessEvaluations" />
	</algorithm>
	<algorithm id="gcpso-vn" class="PSO.GCPSO">
	  <topology class="PSO.VonNeumannTopology" />
	  <addStoppingCondition class="StoppingCondition.MaximumFitnessEvaluations" />
	</algorithm>
	<algorithm id="pso-gbest" class="PSO.PSO">
	  <topology class="PSO.GBestTopology" />
	  <addStoppingCondition class="StoppingCondition.MaximumFitnessEvaluations" />
	</algorithm>
	<algorithm id="pso-lbest" class="PSO.PSO">
	  <topology class="PSO.LBestTopology" />
	  <addStoppingCondition class="StoppingCondition.MaximumFitnessEvaluations" />
	</algorithm>
	<algorithm id="pso-vn" class="PSO.PSO">
	  <topology class="PSO.VonNeumannTopology" />
	  <addStoppingCondition class="StoppingCondition.MaximumFitnessEvaluations" />
	</algorithm>
    </algorithms>
    
    <problems>
        <problem id="spherical" class="Problem.FunctionMinimisationProblem">
            <function class="Functions.Spherical" />
        </problem>
        <problem id="quadric" class="Problem.FunctionMinimisationProblem">
            <function class="Functions.Quadric" />
        </problem>
        <problem id="rosenbrock" class="Problem.FunctionMinimisationProblem">
            <function class="Functions.Rosenbrock" />
        </problem>
        <problem id="ackley" class="Problem.FunctionMinimisationProblem">
            <function class="Functions.Ackley" />
        </problem>
        <problem id="griewank" class="Problem.FunctionMinimisationProblem">
            <function class="Functions.Griewank" />
        </problem>
        <problem id="rastrigin" class="Problem.FunctionMinimisationProblem">
            <function class="Functions.Rastrigin" />
        </problem>
        <problem id="schwefel" class="Problem.FunctionMinimisationProblem">
            <function class="Functions.Schwefel" />
        </problem>
    </problems>

    <measurements id="measurements" class="Simulator.MeasurementSuite" samples="30" resolution="100">
        <addMeasurement class="Measurement.FitnessEvaluations" />
        <addMeasurement class="Measurement.FunctionOptimisationError" />
    </measurements>
    
    <simulations>

        <simulation>
            <algorithm idref="gcpso-gbest" />
            <problem idref="spherical" />
            <measurements idref="measurements" file="data/spherical-gcpso-gbest.txt" />
        </simulation>
        <simulation>
            <algorithm idref="gcpso-lbest" />
            <problem idref="spherical" />
            <measurements idref="measurements" file="data/spherical-gcpso-lbest.txt" />
        </simulation>
        <simulation>
            <algorithm idref="gcpso-vn" />
            <problem idref="spherical" />
            <measurements idref="measurements" file="data/spherical-gcpso-vn.txt" />
        </simulation>
        <simulation>
            <algorithm idref="pso-gbest" />
            <problem idref="spherical" />
            <measurements idref="measurements" file="data/spherical-pso-gbest.txt" />
        </simulation>
        <simulation>
            <algorithm idref="pso-lbest" />
            <problem idref="spherical" />
            <measurements idref="measurements" file="data/spherical-pso-lbest.txt" />
        </simulation>
        <simulation>
            <algorithm idref="pso-vn" />
            <problem idref="spherical" />
            <measurements idref="measurements" file="data/spherical-pso-vn.txt" />
        </simulation>

        <simulation>
            <algorithm idref="gcpso-gbest" />
            <problem idref="quadric" />
            <measurements idref="measurements" file="data/quadric-gcpso-gbest.txt" />
        </simulation>
        <simulation>
            <algorithm idref="gcpso-lbest" />
            <problem idref="quadric" />
            <measurements idref="measurements" file="data/quadric-gcpso-lbest.txt" />
        </simulation>
        <simulation>
            <algorithm idref="gcpso-vn" />
            <problem idref="quadric" />
            <measurements idref="measurements" file="data/quadric-gcpso-vn.txt" />
        </simulation>
        <simulation>
            <algorithm idref="pso-gbest" />
            <problem idref="quadric" />
            <measurements idref="measurements" file="data/quadric-pso-gbest.txt" />
        </simulation>
        <simulation>
            <algorithm idref="pso-lbest" />
            <problem idref="quadric" />
            <measurements idref="measurements" file="data/quadric-pso-lbest.txt" />
        </simulation>
        <simulation>
            <algorithm idref="pso-vn" />
            <problem idref="quadric" />
            <measurements idref="measurements" file="data/quadric-pso-vn.txt" />
        </simulation>

        <simulation>
            <algorithm idref="gcpso-gbest" />
            <problem idref="rosenbrock" />
            <measurements idref="measurements" file="data/rosenbrock-gcpso-gbest.txt" />
        </simulation>
        <simulation>
            <algorithm idref="gcpso-lbest" />
            <problem idref="rosenbrock" />
            <measurements idref="measurements" file="data/rosenbrock-gcpso-lbest.txt" />
        </simulation>
        <simulation>
            <algorithm idref="gcpso-vn" />
            <problem idref="rosenbrock" />
            <measurements idref="measurements" file="data/rosenbrock-gcpso-vn.txt" />
        </simulation>
        <simulation>
            <algorithm idref="pso-gbest" />
            <problem idref="rosenbrock" />
            <measurements idref="measurements" file="data/rosenbrock-pso-gbest.txt" />
        </simulation>
        <simulation>
            <algorithm idref="pso-lbest" />
            <problem idref="rosenbrock" />
            <measurements idref="measurements" file="data/rosenbrock-pso-lbest.txt" />
        </simulation>
        <simulation>
            <algorithm idref="pso-vn" />
            <problem idref="rosenbrock" />
            <measurements idref="measurements" file="data/rosenbrock-pso-vn.txt" />
        </simulation>

        <simulation>
            <algorithm idref="gcpso-gbest" />
            <problem idref="ackley" />
            <measurements idref="measurements" file="data/ackley-gcpso-gbest.txt" />
        </simulation>
        <simulation>
            <algorithm idref="gcpso-lbest" />
            <problem idref="ackley" />
            <measurements idref="measurements" file="data/ackley-gcpso-lbest.txt" />
        </simulation>
        <simulation>
            <algorithm idref="gcpso-vn" />
            <problem idref="ackley" />
            <measurements idref="measurements" file="data/ackley-gcpso-vn.txt" />
        </simulation>
        <simulation>
            <algorithm idref="pso-gbest" />
            <problem idref="ackley" />
            <measurements idref="measurements" file="data/ackley-pso-gbest.txt" />
        </simulation>
        <simulation>
            <algorithm idref="pso-lbest" />
            <problem idref="ackley" />
            <measurements idref="measurements" file="data/ackley-pso-lbest.txt" />
        </simulation>
        <simulation>
            <algorithm idref="pso-vn" />
            <problem idref="ackley" />
            <measurements idref="measurements" file="data/ackley-pso-vn.txt" />
        </simulation>

        <simulation>
            <algorithm idref="gcpso-gbest" />
            <problem idref="griewank" />
            <measurements idref="measurements" file="data/griewank-gcpso-gbest.txt" />
        </simulation>
        <simulation>
            <algorithm idref="gcpso-lbest" />
            <problem idref="griewank" />
            <measurements idref="measurements" file="data/griewank-gcpso-lbest.txt" />
        </simulation>
        <simulation>
            <algorithm idref="gcpso-vn" />
            <problem idref="griewank" />
            <measurements idref="measurements" file="data/griewank-gcpso-vn.txt" />
        </simulation>
        <simulation>
            <algorithm idref="pso-gbest" />
            <problem idref="griewank" />
            <measurements idref="measurements" file="data/griewank-pso-gbest.txt" />
        </simulation>
        <simulation>
            <algorithm idref="pso-lbest" />
            <problem idref="griewank" />
            <measurements idref="measurements" file="data/griewank-pso-lbest.txt" />
        </simulation>
        <simulation>
            <algorithm idref="pso-vn" />
            <problem idref="griewank" />
            <measurements idref="measurements" file="data/griewank-pso-vn.txt" />
        </simulation>

        <simulation>
            <algorithm idref="gcpso-gbest" />
            <problem idref="rastrigin" />
            <measurements idref="measurements" file="data/rastrigin-gcpso-gbest.txt" />
        </simulation>
        <simulation>
            <algorithm idref="gcpso-lbest" />
            <problem idref="rastrigin" />
            <measurements idref="measurements" file="data/rastrigin-gcpso-lbest.txt" />
        </simulation>
        <simulation>
            <algorithm idref="gcpso-vn" />
            <problem idref="rastrigin" />
            <measurements idref="measurements" file="data/rastrigin-gcpso-vn.txt" />
        </simulation>
        <simulation>
            <algorithm idref="pso-gbest" />
            <problem idref="rastrigin" />
            <measurements idref="measurements" file="data/rastrigin-pso-gbest.txt" />
        </simulation>
        <simulation>
            <algorithm idref="pso-lbest" />
            <problem idref="rastrigin" />
            <measurements idref="measurements" file="data/rastrigin-pso-lbest.txt" />
        </simulation>
        <simulation>
            <algorithm idref="pso-vn" />
            <problem idref="rastrigin" />
            <measurements idref="measurements" file="data/rastrigin-pso-vn.txt" />
        </simulation>

        <simulation>
            <algorithm idref="gcpso-gbest" />
            <problem idref="schwefel" />
            <measurements idref="measurements" file="data/schwefel-gcpso-gbest.txt" />
        </simulation>
        <simulation>
            <algorithm idref="gcpso-lbest" />
            <problem idref="schwefel" />
            <measurements idref="measurements" file="data/schwefel-gcpso-lbest.txt" />
        </simulation>
        <simulation>
            <algorithm idref="gcpso-vn" />
            <problem idref="schwefel" />
            <measurements idref="measurements" file="data/schwefel-gcpso-vn.txt" />
        </simulation>
        <simulation>
            <algorithm idref="pso-gbest" />
            <problem idref="schwefel" />
            <measurements idref="measurements" file="data/schwefel-pso-gbest.txt" />
        </simulation>
        <simulation>
            <algorithm idref="pso-lbest" />
            <problem idref="schwefel" />
            <measurements idref="measurements" file="data/schwefel-pso-lbest.txt" />
        </simulation>
        <simulation>
            <algorithm idref="pso-vn" />
            <problem idref="schwefel" />
            <measurements idref="measurements" file="data/schwefel-pso-vn.txt" />
        </simulation>

    </simulations>
    
</simulator>
