<?xml version="1.0" encoding="UTF-8"?>
<!DOCTYPE simulator [
  <!ATTLIST algorithm id ID #IMPLIED>
  <!ATTLIST problem id ID #IMPLIED>
  <!ATTLIST measurements id ID #IMPLIED>
]>

<simulator>
    <algorithms>
        <algorithm id="gcpso-gbest" class="PSO.GCPSO" particles="50">
             <topology class="PSO.GBestTopology"/>
             <addStoppingCondition class="StoppingCondition.MaximumFitnessEvaluations"/>
        </algorithm>
        <algorithm id="nichepso" class="PSO.NichePSO" observations="3">
             <mainSwarm idref="gcpso-gbest"/>
             <addStoppingCondition class="StoppingCondition.MaximumIterations" iterations="1000"/>
        </algorithm>
    </algorithms>

    <problems>
        <problem id="griewank" class="Problem.FunctionMinimisationProblem">
            <function class="Functions.Griewank" domain="R(0, 6)^1"/>
        </problem>
        <problem id="rastrigin" class="Problem.FunctionMinimisationProblem">
            <function class="Functions.Rastrigin" domain="R(-1.5, 1.5)^1"/>
        </problem>
        <problem id="multimodal f1" class="Problem.FunctionMinimisationProblem">
            <function class="Functions.MultimodalFunction1" domain="R(0, 1)^1"/>
        </problem>
        <problem id="multimodal f2" class="Problem.FunctionMinimisationProblem">
            <function class="Functions.MultimodalFunction2" domain="R(0, 1)^1"/>
        </problem>
    </problems>

    <measurements id="measurements" class="Simulator.MeasurementSuite" samples="1" resolution="25">
        <addMeasurement class="Measurement.FitnessEvaluations" />
        <addMeasurement class="Measurement.FunctionOptimisationError" />
    </measurements>

    <simulations>
        <simulation>
            <algorithm idref="nichepso" />
            <problem idref="multimodal f1" />
            <measurements idref="measurements" file="nichepso-multimodal_f1.txt" />
        </simulation>
    </simulations>

</simulator>
