<?xml version="1.0" encoding="UTF-8"?>
<!DOCTYPE simulator [  <!ATTLIST algorithm id ID #IMPLIED>  <!ATTLIST problem id ID #IMPLIED>  <!ATTLIST measurements id ID #IMPLIED>]>
<simulator>
    <algorithms>        <algorithm id="gcpso" class="PSO.GCPSO">             <particles value="10"/>             <topology class="PSO.GBestTopology"/>             <addStoppingCondition class="StoppingCondition.MaximumIterations" iterations="10000"/>        </algorithm>    </algorithms>
    <problems>        <problem id="problem1" class="Problem.FunctionLearningProblem">            <function class="Functions.Ackley" domain="R(-10, 10)^2"/>            <neuralNetwork class="NeuralNetwork.NN" sizeIL="3" sizeHL="10" sizeOL="1"/>        </problem>    </problems>
    <measurements id="gcpso measurements" class="Simulator.MeasurementSuite" samples="1" resolution="100">        <addMeasurement class="Measurement.Fitness" />    </measurements>
    <simulations>        <simulation>            <algorithm idref="gcpso" />            <problem idref="problem1" />            <measurements idref="gcpso measurements"   file="problem1-gcpso-solution.txt"/>         </simulation>    </simulations>
</simulator>
