<?xml version="1.0"?>

<simulator>

    <simulation>

        <algorithm class="Algorithm.SplitCoOperativeOptimisationAlgorithm">
            <participants value="5"/>
            <algorithmFactory class="XML.XMLAlgorithmFactory">
                <algorithm class="PSO.GCPSO">
                        <topology class="PSO.LBestTopology" neighbourhoodSize="3"/>
                </algorithm>
            </algorithmFactory>
            <addStoppingCondition class="StoppingCondition.MaximumFitnessEvaluations">
                <evaluations>200000</evaluations>
            </addStoppingCondition>
            
        </algorithm>
    
        <problem class="Problem.FunctionMinimisationProblem">
            <function class="Functions.Schwefel" />
        </problem>

        <measurements class="Simulator.MeasurementSuite" file="data/splitcooperative-pso-schwefel.txt" resolution="10">
            <addMeasurement class="Measurement.FitnessEvaluations" />
            <addMeasurement class="Measurement.FunctionOptimisationError" />
        </measurements>
        
     </simulation>
        
</simulator>
