<?xml version="1.0"?>

<!DOCTYPE simulator [
<!ATTLIST algorithm id ID #IMPLIED>
<!ATTLIST problem id ID #IMPLIED>
<!ATTLIST measurements id ID #IMPLIED>
]>

<simulator>

  <simulation>
    
    <algorithm id="gbest" class="PSO.PSO">
      <particles value="24"/>
      <topology class="PSO.VonNeumannTopology"/>
      <addStoppingCondition class="StoppingCondition.MaximumIterations" iterations="1"/>
    </algorithm>
    
    <problem class="Problem.FunctionMinimisationProblem">
      <function class="Functions.Spherical"/>
    </problem>
   
    <measurements class="Simulator.MeasurementSuite">
      <file value="data/tt.txt"/>
      <resolution value="1"/>
      <samples value="1"/>
      <addMeasurement class="Measurement.Fitness"/>
    </measurements>
    
  </simulation>
  
</simulator>
