<?xml version="1.0"?>

<project name="dom4j" default="maven:jar" basedir=".">

  <!-- Give user a chance to override without editing this file
       (and without typing -D each time they invoke a target) -->

  <!-- Allow any user specific values to override the defaults -->  
  <property file="${user.home}/build.properties" />
  
  <!-- Allow user defaults for this project -->
  <property file="build.properties" />
  
  <!-- Set default values for the build -->
  <property file="project.properties" />
  
  <!-- the default build location -->
  <property name="maven.build.dest" value="target/classes"/>

  <path id="test.classpath">
    <pathelement path="${maven.build.dest}"/>
    <pathelement location="${lib.repo}/commons-logging-1.0.jar"/>
    <pathelement location="${lib.repo}/commons-beanutils-20020520.jar"/>
    <pathelement location="${lib.repo}/commons-collections-2.0.jar"/>
    <pathelement location="${lib.repo}/commons-digester-1.2.jar"/>
    <pathelement location="${lib.repo}/commons-jexl-1.0-dev.jar"/>
    <pathelement location="${lib.repo}/dom4j-1.4-dev.jar"/>
    <pathelement location="${lib.repo}/hsqldb-1.7.0.jar"/>
    <pathelement location="${lib.repo}/velocity-1.4-dev.jar"/>
    <pathelement location="${lib.repo}/xmlParserAPIs-2.0.0.jar"/>
    <pathelement location="${lib.repo}/xercesImpl-2.0.0.jar"/>
    <pathelement location="${lib.repo}/jdbc2_0-stdext.jar"/>
  </path>

  <!-- maven:start -->
  
  <!-- ================================================================== -->
  <!-- D E L E G A T O R S                                                -->
  <!-- ================================================================== -->
        
	<target name="maven:gump-descriptor">
	  <ant antfile="${maven.home}/build-maven.xml" target="gump-descriptor"/>
	</target>
	
	<target name="maven:maven-update">
	  <ant antfile="${maven.home}/build-maven.xml" target="maven-update"/>
	</target>
	
	<target name="maven:update-jars">
	  <ant antfile="${maven.home}/build-maven.xml" target="update-jars"/>
	</target>
	
	<target name="maven:jar">
	  <ant antfile="${maven.home}/build-maven.xml" target="jar"/>
	</target>
	
	<target name="maven:docs-quick">
	  <ant antfile="${maven.home}/build-docs.xml" target="docs-quick"/>
	</target>
	
	<target name="maven:run-singletest">
	  <ant antfile="${maven.home}/build-test.xml" target="run-singletest"/>
	</target>
	
	<target name="maven:compile">
	  <ant antfile="${maven.home}/build-maven.xml" target="compile"/>
	</target>
	
	<target name="maven:jar-resources">
	  <ant antfile="${maven.home}/plugins/core/build.xml" target="jar-resources"/>
	</target>
	
	<target name="maven:fo">
	  <ant antfile="${maven.home}/build-docs.xml" target="fo"/>
	</target>
	
	<target name="maven:cvs-change-log">
	  <ant antfile="${maven.home}/build-docs.xml" target="cvs-change-log"/>
	</target>
	
	<target name="maven:war">
	  <ant antfile="${maven.home}/plugins/j2ee/build.xml" target="war"/>
	</target>
	
	<target name="maven:generate-reactor">
	  <ant antfile="${maven.home}/build-reactor.xml" target="generate-reactor"/>
	</target>
	
	<target name="maven:cross-ref">
	  <ant antfile="${maven.home}/build-docs.xml" target="cross-ref"/>
	</target>
	
	<target name="maven:deploy-site">
	  <ant antfile="${maven.home}/build-docs.xml" target="deploy-site"/>
	</target>
	
	<target name="maven:ear">
	  <ant antfile="${maven.home}/plugins/j2ee/build.xml" target="ear"/>
	</target>
	
	<target name="maven:install-jar">
	  <ant antfile="${maven.home}/build-maven.xml" target="install-jar"/>
	</target>
	
	<target name="maven:task-list">
	  <ant antfile="${maven.home}/build-docs.xml" target="task-list"/>
	</target>
	
	<target name="maven:docs">
	  <ant antfile="${maven.home}/build-docs.xml" target="docs"/>
	</target>
	
	<target name="maven:site">
	  <ant antfile="${maven.home}/build-docs.xml" target="site"/>
	</target>
	
	<target name="maven:deploy-dist">
	  <ant antfile="${maven.home}/build-maven.xml" target="deploy-dist"/>
	</target>
	
	<target name="maven:javadocs">
	  <ant antfile="${maven.home}/build-docs.xml" target="javadocs"/>
	</target>
	
	<target name="maven:announce">
	  <ant antfile="${maven.home}/build-maven.xml" target="announce"/>
	</target>
	
	<target name="maven:check-source">
	  <ant antfile="${maven.home}/build-maven.xml" target="check-source"/>
	</target>
	
	<target name="maven:dist">
	  <ant antfile="${maven.home}/build-maven.xml" target="dist"/>
	</target>
	
	<target name="maven:dist-build">
	  <ant antfile="${maven.home}/build-maven.xml" target="dist-build"/>
	</target>
	
	<target name="maven:metrics">
	  <ant antfile="${maven.home}/build-metrics.xml" target="metrics"/>
	</target>
	
	<target name="maven:clean">
	  <ant antfile="${maven.home}/build-maven.xml" target="clean"/>
	</target>
	
	<target name="maven:env">
	  <ant antfile="${maven.home}/build-maven.xml" target="env"/>
	</target>
	
	<target name="maven:test">
	  <ant antfile="${maven.home}/build-test.xml" target="test"/>
	</target>
	
	<target name="maven:pdf">
	  <ant antfile="${maven.home}/build-docs.xml" target="pdf"/>
	</target>
	
	<target name="maven:iutest">
	  <ant antfile="${maven.home}/build-iutest.xml" target="iutest"/>
	</target>
	
	<target name="maven:activity-log">
	  <ant antfile="${maven.home}/build-docs.xml" target="activity-log"/>
	</target>
	
	<target name="maven:verify-project">
	  <ant antfile="${maven.home}/build-maven.xml" target="verify-project"/>
	</target>
	
	<target name="maven:validate-pom">
	  <ant antfile="${maven.home}/build-maven.xml" target="validate-pom"/>
	</target>
	
	<target name="maven:validate-war">
	  <ant antfile="${maven.home}/plugins/j2ee/build.xml" target="validate-war"/>
	</target>
	

  <!-- maven:end -->

<!-- ========== Helper Targets ============================================ -->

	<target name="clean" depends="maven:clean">
	  <delete file="velocity.log"/>
	</target>
	
	<target name="site" depends="maven:site"/>
	
	<target name="test" depends="maven:test"/>

	<target name="compile" depends="maven:compile, maven:jar-resources">
    </target>	

	<target name="dist" depends="maven:dist"/>
	

</project>
